resident_id,guest_id,guest_f_name,guest_l_name,dorm_name ,guest_email,checkin_date,checkout_date,covid_survey
1951527,NULL,NULL,NULL,NULL,NULL,NULL,NULL,0
1951528,NULL,NULL,NULL,NULL,NULL,NULL,NULL,0
1951529,19519630,Maddie,McGowan,Goodwin,mm6260@mynsu.nova.edu,NULL,NULL,0
1951530,NULL,NULL,NULL,NULL,NULL,NULL,NULL,0
1951531,19519632,Dax,Sheperd,Commons,ds8282@mynsu.nova.edu,NULL,NULL,1
1951532,19519633,Lou,Scott,Goodwin,ls2998@mynsu.nova.edu,NULL,NULL,0
1951533,19519634,Donald ,Tooter,Goodwin,dt8223@mynsu.nova.edu,NULL,NULL,0
1951534,19519635,Mcloven,Dunn,Rolling Hills,md5580@mynsu.nova.edu,NULL,NULL,0
1951535,19519636,Abraham,Lincoln,Goodwin,al8101@mynsu.nova.edu,NULL,NULL,0
1951536,19519637,Jared,FromSubway,Commons,jf1969@mynsu.nova.edu,NULL,NULL,1
1951537,19519638,Jesus,Christ,CLC/FFV,jc7907@mynsu.nova.edu,NULL,NULL,0
1951538,19519639,Sebastian,Nunez,Goodwin,sn2072@mynsu.nova.edu,NULL,NULL,0
1951539,19519640,Samuel,Fitzgerald,Rolling Hills,sf1164@mynsu.nova.edu,NULL,NULL,0
1951540,NULL,NULL,NULL,NULL,NULL,NULL,NULL,0
1951541,NULL,NULL,NULL,NULL,NULL,NULL,NULL,0
1951542,19519643,Bobby,Stone,Goodwin,bs3176@mynsu.nova.edu,NULL,NULL,0
1951543,19519644,Geoff,Richardson,Goodwin,gr7397@mynsu.nova.edu,NULL,NULL,0
1951544,NULL,NULL,NULL,NULL,NULL,NULL,NULL,0
1951545,NULL,NULL,NULL,NULL,NULL,NULL,NULL,0
1951546,19519647,Santiago,Walker,Commons,sw5754@mynsu.nova.edu,NULL,NULL,1
1951547,NULL,NULL,NULL,NULL,NULL,NULL,NULL,0
1951548,19519649,Anderson,Cooper,Goodwin,ac2394@mynsu.nova.edu,NULL,NULL,0
1951549,NULL,NULL,NULL,NULL,NULL,NULL,NULL,0
1951550,19519651,Owen,McPharson,Rolling Hills,om4751@mynsu.nova.edu,NULL,NULL,0
1951551,NULL,NULL,NULL,NULL,NULL,NULL,NULL,0
1951552,19519653,Pharoah,Campbell,Goodwin,pc4324@mynsu.nova.edu,NULL,NULL,1
1951553,19519654,Arsh,Jain,CLC/FFV,aj5906@mynsu.nova.edu,NULL,NULL,0
1951554,NULL,NULL,NULL,NULL,NULL,NULL,NULL,0
1951555,NULL,NULL,NULL,NULL,NULL,NULL,NULL,0
1951556,19519657,Ajoy,Kumar,Commons,ak4585@mynsu.nova.edu,NULL,NULL,0
1951557,NULL,NULL,NULL,NULL,NULL,NULL,NULL,0
1951558,NULL,NULL,NULL,NULL,NULL,NULL,NULL,0
1951559,NULL,NULL,NULL,NULL,NULL,NULL,NULL,0
1951560,NULL,NULL,NULL,NULL,NULL,NULL,NULL,0
1951561,19519662,Frank,Mitropolous,Goodwin,fm2525@mynsu.nova.edu,NULL,NULL,0
1951562,19519663,Charmaine,Barreto,Rolling Hills,cb5073@mynsu.nova.edu,NULL,NULL,0
1951563,19519664,Logan,Hall,Goodwin,lh5380@mynsu.nova.edu,NULL,NULL,0
1951564,NULL,NULL,NULL,NULL,NULL,NULL,NULL,0
1951565,NULL,NULL,NULL,NULL,NULL,NULL,NULL,0
1951566,19519667,Greg,Price,CLC/FFV,gp6712@mynsu.nova.edu,NULL,NULL,0
1951567,NULL,NULL,NULL,NULL,NULL,NULL,NULL,0
1951568,19519669,Lucas,Topper,CLC/FFV,lt3499@mynsu.nova.edu,NULL,NULL,0
1951569,NULL,NULL,NULL,NULL,NULL,NULL,NULL,0
1951570,19519671,Lily,Sun,Commons,ls5310@mynsu.nova.edu,NULL,NULL,1
1951571,19519672,Li,Wei,Goodwin,lw4220@mynsu.nova.edu,NULL,NULL,0
1951572,NULL,NULL,NULL,NULL,NULL,NULL,NULL,0
1951573,NULL,NULL,NULL,NULL,NULL,NULL,NULL,0
1951574,NULL,NULL,NULL,NULL,NULL,NULL,NULL,0
1951575,19519676,Oliver,Jones,Commons,oj7375@mynsu.nova.edu,NULL,NULL,1
1951576,19519677,Jameson,Clark,Commons,jc9556@mynsu.nova.edu,NULL,NULL,1
1951577,19519678,Laura,Torres,CLC/FFV,lt3013@mynsu.nova.edu,NULL,NULL,0
1951578,19519679,Clara,Hoodini,CLC/FFV,ch2289@mynsu.nova.edu,NULL,NULL,0
1951579,NULL,NULL,NULL,NULL,NULL,NULL,NULL,0
1951580,NULL,NULL,NULL,NULL,NULL,NULL,NULL,0
1951581,NULL,NULL,NULL,NULL,NULL,NULL,NULL,0
1951582,19519683,Tim,Nguyen,CLC/FFV,tn2524@mynsu.nova.edu,NULL,NULL,0
1951583,NULL,NULL,NULL,NULL,NULL,NULL,NULL,0
1951584,NULL,NULL,NULL,NULL,NULL,NULL,NULL,0
1951585,19519686,Greta,Green,Commons,gg3654@mynsu.nova.edu,NULL,NULL,0
1951586,NULL,NULL,NULL,NULL,NULL,NULL,NULL,0
1951587,19519688,Mark,Hackel,Rolling Hills,mh6996@mynsu.nova.edu,NULL,NULL,0
1951588,NULL,NULL,NULL,NULL,NULL,NULL,NULL,0
1951589,NULL,NULL,NULL,NULL,NULL,NULL,NULL,0
1951590,19519691,Joe,Goldberg,CLC/FFV,jg5202@mynsu.nova.edu,NULL,NULL,0
1951591,NULL,NULL,NULL,NULL,NULL,NULL,NULL,0
1951592,19519693,Fiona,Freedman,Rolling Hills,ff8427@mynsu.nova.edu,NULL,NULL,0
1951593,NULL,NULL,NULL,NULL,NULL,NULL,NULL,0
1951594,NULL,NULL,NULL,NULL,NULL,NULL,NULL,0
1951595,NULL,NULL,NULL,NULL,NULL,NULL,NULL,0
1951596,19519697,Emma,Nelson,Goodwin,en8030@mynsu.nova.edu,NULL,NULL,0
1951597,19519698,Anthony,Mitchell,Goodwin,am2656@mynsu.nova.edu,NULL,NULL,0
1951598,NULL,NULL,NULL,NULL,NULL,NULL,NULL,0
1951599,NULL,NULL,NULL,NULL,NULL,NULL,NULL,0
1951600,19519701,Elizabeth,Camstone,Commons,ec8008@mynsu.nova.edu,NULL,NULL,0
1951601,19519702,Gemma,Rivera,CLC/FFV,gr2926@mynsu.nova.edu,NULL,NULL,0
1951602,NULL,NULL,NULL,NULL,NULL,NULL,NULL,0
1951603,19519704,James,Carter,Rolling Hills,jc7558@mynsu.nova.edu,NULL,NULL,1
1951604,19519705,Hendrick,Lamar,Commons,hl6863@mynsu.nova.edu,NULL,NULL,0
1951605,19519706,Rob,Robinon,Commons,rr2305@mynsu.nova.edu,NULL,NULL,0
1951606,NULL,NULL,NULL,NULL,NULL,NULL,NULL,0
1951607,NULL,NULL,NULL,NULL,NULL,NULL,NULL,0
1951608,NULL,NULL,NULL,NULL,NULL,NULL,NULL,0
1951609,NULL,NULL,NULL,NULL,NULL,NULL,NULL,0
1951610,NULL,NULL,NULL,NULL,NULL,NULL,NULL,0
1951611,19519712,Tal,Kukular,Goodwin,tk7058@mynsu.nova.edu,NULL,NULL,1
1951612,NULL,NULL,NULL,NULL,NULL,NULL,NULL,0
1951613,NULL,NULL,NULL,NULL,NULL,NULL,NULL,0
1951614,NULL,NULL,NULL,NULL,NULL,NULL,NULL,0
1951615,NULL,NULL,NULL,NULL,NULL,NULL,NULL,0
1951616,NULL,NULL,NULL,NULL,NULL,NULL,NULL,0
1951617,19519718,Ben,Baker,Commons,bb3572@mynsu.nova.edu,NULL,NULL,0
1951618,19519719,Benjamin,Butten,Rolling Hills,bb1366@mynsu.nova.edu,NULL,NULL,0
1951619,19519720,Mitch,Pelosi,CLC/FFV,mp3509@mynsu.nova.edu,NULL,NULL,0
1951620,19519721,Nancy,Goldvekht,Commons,ng2227@mynsu.nova.edu,NULL,NULL,0
1951621,NULL,NULL,NULL,NULL,NULL,NULL,NULL,0
1951622,NULL,NULL,NULL,NULL,NULL,NULL,NULL,0
1951623,NULL,NULL,NULL,NULL,NULL,NULL,NULL,0
1951624,19519725,Jordan,Stillwell,Goodwin,js7689@mynsu.nova.edu,NULL,NULL,0
1951625,NULL,NULL,NULL,NULL,NULL,NULL,NULL,0
1951626,NULL,NULL,NULL,NULL,NULL,NULL,NULL,0
1951627,NULL,NULL,NULL,NULL,NULL,NULL,NULL,0