resident_id,f_name,l_name,room_num,has_guest,resident_res_hall,resident_email
1951527,Autumn,Klein,1,FALSE,Mako,ak786@mynsu.nova.edu
1951528,Zach,Milkman,2,FALSE,Mako,zm4727@mynsu.nova.edu
1951529,Joe,Dummie,3,TRUE,Mako,jd1128@mynsu.nova.edu
1951530,Alessandro,Xella,4,FALSE,Mako,ax5372@mynsu.nova.edu
1951531,Alex,Eckert,5,TRUE,Mako,ae6653@mynsu.nova.edu
1951532,Gabe,Shandles,6,TRUE,Mako,gs4160@mynsu.nova.edu
1951533,Scott,Sterling,7,TRUE,Mako,ss6237@mynsu.nova.edu
1951534,Tiana ,Lewis,8,TRUE,Mako,tl7416@mynsu.nova.edu
1951535,Bernie,Sanders,9,TRUE,Mako,bs305@mynsu.nova.edu
1951536,Allie ,Shaw,10,TRUE,Mako,as4466@mynsu.nova.edu
1951537,Hillary,Clinton,11,TRUE,Mako,hc9222@mynsu.nova.edu
1951538,Kamala,Harris,12,TRUE,Mako,kh8838@mynsu.nova.edu
1951539,Joe ,Biden,13,TRUE,Mako,jb1788@mynsu.nova.edu
1951540,Todd,Smith,14,FALSE,Mako,ts1975@mynsu.nova.edu
1951541,Bob,Williams,15,FALSE,Mako,bw4410@mynsu.nova.edu
1951542,Shelby,Brown,16,TRUE,Mako,sb2770@mynsu.nova.edu
1951543,Jane,Jones,17,TRUE,Mako,jj1543@mynsu.nova.edu
1951544,Amber,Garcia,18,FALSE,Mako,ag100@mynsu.nova.edu
1951545,Alexander,Davis,19,FALSE,Mako,ad2000@mynsu.nova.edu
1951546,David,Warshawsky,20,TRUE,Mako,dw5062@mynsu.nova.edu
1951547,Elliot,Hamilton,21,FALSE,Mako,eh3829@mynsu.nova.edu
1951548,Josh,Frasier,22,TRUE,Mako,jf6499@mynsu.nova.edu
1951549,Ethan,Barton,23,FALSE,Mako,eb394@mynsu.nova.edu
1951550,Cameron,Anderson,24,TRUE,Mako,ca1129@mynsu.nova.edu
1951551,Juan,Lopez,25,FALSE,Mako,jl233@mynsu.nova.edu
1951552,Mary,Taylor,26,TRUE,Mako,mt9693@mynsu.nova.edu
1951553,Taylor,Hawk,27,TRUE,Mako,th5597@mynsu.nova.edu
1951554,Elon,Musk,28,FALSE,Mako,em204@mynsu.nova.edu
1951555,Jake,Lee,29,FALSE,Mako,jl5407@mynsu.nova.edu
1951556,Catroina,Fee,30,TRUE,Mako,cf3146@mynsu.nova.edu
1951557,Audrey,Wikan,31,FALSE,Mako,aw7200@mynsu.nova.edu
1951558,Michelle,Easton,32,FALSE,Mako,me2791@mynsu.nova.edu
1951559,Gabe,Stone,33,FALSE,Mako,gs3899@mynsu.nova.edu
1951560,Sharon,King,34,FALSE,Mako,sk1753@mynsu.nova.edu
1951561,Lior,Zeitoun,35,TRUE,Mako,lz6854@mynsu.nova.edu
1951562,Keever,Rood,36,TRUE,Mako,kr3101@mynsu.nova.edu
1951563,Meghan,McWillis,37,TRUE,Mako,mm8903@mynsu.nova.edu
1951564,Gabby,Gold,38,FALSE,Mako,gg6154@mynsu.nova.edu
1951565,Brenda,Garcia,39,FALSE,Mako,bg4879@mynsu.nova.edu
1951566,Glenda,Garcia,40,TRUE,Mako,gg9565@mynsu.nova.edu
1951567,Omar,ElHam,41,FALSE,Mako,oe157@mynsu.nova.edu
1951568,Kelly,Roberts,42,TRUE,Mako,kr5579@mynsu.nova.edu
1951569,Robyn,Ernst,43,FALSE,Mako,re506@mynsu.nova.edu
1951570,Maya,Vanunu,44,TRUE,Mako,mv3452@mynsu.nova.edu
1951571,Abby,Dawson,45,TRUE,Mako,ad3614@mynsu.nova.edu
1951572,Christopher,Christie,46,FALSE,Mako,cc2663@mynsu.nova.edu
1951573,Rudy,Guiliani,47,FALSE,Mako,rg3995@mynsu.nova.edu
1951574,Lee,Zeldin,48,FALSE,Mako,lz7872@mynsu.nova.edu
1951575,Frank,Branard,49,TRUE,Mako,fb9868@mynsu.nova.edu
1951576,Harold,Hutchinson,50,TRUE,Mako,hh3535@mynsu.nova.edu
1951577,Timothy,Nerrozi,51,TRUE,Mako,tn7201@mynsu.nova.edu
1951578,Andrew,Jose,52,TRUE,Mako,aj1290@mynsu.nova.edu
1951579,Jillian,Michaels,53,FALSE,Mako,jm6064@mynsu.nova.edu
1951580,Greg,Gutfield,54,FALSE,Mako,gg1974@mynsu.nova.edu
1951581,Tucker ,Gonzalez,55,FALSE,Mako,tg2020@mynsu.nova.edu
1951582,Dana,Jackson,56,TRUE,Mako,dj5375@mynsu.nova.edu
1951583,Maurice,Martin,57,FALSE,Mako,mm836@mynsu.nova.edu
1951584,Brad,Lee,58,FALSE,Mako,bl2882@mynsu.nova.edu
1951585,Idaho,Steelheads,59,TRUE,Mako,is2934@mynsu.nova.edu
1951586,Hardy,Harr,60,FALSE,Mako,hh6410@mynsu.nova.edu
1951587,Dyl,Pickle,61,TRUE,Mako,dp902@mynsu.nova.edu
1951588,McHuge,Butte,62,FALSE,Mako,mb290@mynsu.nova.edu
1951589,Richard,Thrasher,63,FALSE,Mako,rt7215@mynsu.nova.edu
1951590,MacDonald,Berger,64,TRUE,Mako,mb9784@mynsu.nova.edu
1951591,Richard,Holden,65,FALSE,Mako,rh216@mynsu.nova.edu
1951592,Richard,Felt,66,TRUE,Mako,rf5896@mynsu.nova.edu
1951593,Diana,Dbag,67,FALSE,Mako,dd7954@mynsu.nova.edu
1951594,Fannie,Licker,68,FALSE,Mako,fl2847@mynsu.nova.edu
1951595,Jolly ,Mangina,69,FALSE,Mako,jm784@mynsu.nova.edu
1951596,Jurrasic,Park,70,TRUE,Mako,jp7622@mynsu.nova.edu
1951597,Donald,Duck,71,TRUE,Mako,dd8397@mynsu.nova.edu
1951598,Filet,Minyon,72,FALSE,Mako,fm4366@mynsu.nova.edu
1951599,Parker,Enis,73,FALSE,Mako,pe1871@mynsu.nova.edu
1951600,James,Grossweiner,74,TRUE,Mako,jg8076@mynsu.nova.edu
1951601,Yolanda,Squatpump,75,TRUE,Mako,ys5824@mynsu.nova.edu
1951602,Holden,Cox,76,FALSE,Mako,hc1777@mynsu.nova.edu
1951603,Jason,Sackrider,77,TRUE,Mako,js2224@mynsu.nova.edu
1951604,Charlie,McWilliams,78,TRUE,Mako,cm1351@mynsu.nova.edu
1951605,Cooper,Jackson,79,TRUE,Mako,cj6416@mynsu.nova.edu
1951606,Buddy,Jaxon,80,FALSE,Mako,bj4481@mynsu.nova.edu
1951607,Milo,Jason,81,FALSE,Mako,mj5998@mynsu.nova.edu
1951608,Bear,Black,82,FALSE,Mako,bb6646@mynsu.nova.edu
1951609,Rocky,White,83,FALSE,Mako,rw7446@mynsu.nova.edu
1951610,Duke,Nukem,84,FALSE,Mako,dn7813@mynsu.nova.edu
1951611,Tucker,Jamison,85,TRUE,Mako,tj2798@mynsu.nova.edu
1951612,Jack,Black,86,FALSE,Mako,jb6785@mynsu.nova.edu
1951613,Teaser,Micuck,87,FALSE,Mako,tm53@mynsu.nova.edu
1951614,Max,Dax,88,FALSE,Mako,md6695@mynsu.nova.edu
1951615,Lola,Mahomes,89,FALSE,Mako,lm8789@mynsu.nova.edu
1951616,Sadie,Johnson,90,FALSE,Mako,sj5434@mynsu.nova.edu
1951617,Molly,Dogson,91,TRUE,Mako,md5020@mynsu.nova.edu
1951618,Bailey,McDog,92,TRUE,Mako,bm2016@mynsu.nova.edu
1951619,Stella,MaHeart,93,TRUE,Mako,sm6356@mynsu.nova.edu
1951620,Saggie,MaPants,94,TRUE,Mako,sm7225@mynsu.nova.edu
1951621,Marcy,Whitney,95,FALSE,Mako,mw3386@mynsu.nova.edu
1951622,Price,TwoHigh,96,FALSE,Mako,pt377@mynsu.nova.edu
1951623,Hogwarts,Schooling,97,FALSE,Mako,hs270@mynsu.nova.edu
1951624,Daisy,Flowerson,98,TRUE,Mako,df5440@mynsu.nova.edu
1951625,Lucy,Moon,99,FALSE,Mako,lm4514@mynsu.nova.edu
1951626,Luna,Sun,100,FALSE,Mako,ls2811@mynsu.nova.edu
1951627,Bella,Parch,101,FALSE,Mako,bp4569@mynsu.nova.edu