f_name,l_name,resident_id,room_num,has_guest,resident_res_hall,resident_email,guest_f_name,guest_l_name,guest_id,dorm_name ,guest_email,checkin_date,checkout_date,covid_survey
Autumn,Klein,1951527,1,FALSE,Mako,ak786@mynsu.nova.edu,NULL,NULL,NULL,NULL,NULL,NULL,NULL,NULL
Zach,Milkman,1951528,2,FALSE,Mako,zm4727@mynsu.nova.edu,NULL,NULL,NULL,NULL,NULL,NULL,NULL,NULL
Joe,Dummie,1951529,3,TRUE,Mako,jd1128@mynsu.nova.edu,Maddie,McGowan,19519630,Goodwin,mm6260@mynsu.nova.edu,Monday,Tuesday,NEGATIVE
Alessandro,Xella,1951530,4,FALSE,Mako,ax5372@mynsu.nova.edu,NULL,NULL,NULL,NULL,NULL,NULL,NULL,NULL
Alex,Eckert,1951531,5,TRUE,Mako,ae6653@mynsu.nova.edu,Dax,Sheperd,19519632,Commons,ds8282@mynsu.nova.edu,Wednesday,Thursday,ALERT
Gabe,Shandles,1951532,6,TRUE,Mako,gs4160@mynsu.nova.edu,Lou,Scott,19519633,Goodwin,ls2998@mynsu.nova.edu,Friday,NULL,NEGATIVE
Scott,Sterling,1951533,7,TRUE,Mako,ss6237@mynsu.nova.edu,Donald ,Tooter,19519634,Goodwin,dt8223@mynsu.nova.edu,Tuesday ,Wednesday,NEGATIVE
Tiana ,Lewis,1951534,8,TRUE,Mako,tl7416@mynsu.nova.edu,Mcloven,Dunn,19519635,Rolling Hills,md5580@mynsu.nova.edu,Monday,Tuesday,NEGATIVE
Bernie,Sanders,1951535,9,TRUE,Mako,bs305@mynsu.nova.edu,Abraham,Lincoln,19519636,Goodwin,al8101@mynsu.nova.edu,Thursday,Friday,NEGATIVE
Allie ,Shaw,1951536,10,TRUE,Mako,as4466@mynsu.nova.edu,Jared,FromSubway,19519637,Commons,jf1969@mynsu.nova.edu,Wednesday,Thursday,ALERT
Hillary,Clinton,1951537,11,TRUE,Mako,hc9222@mynsu.nova.edu,Jesus,Christ,19519638,CLC/FFV,jc7907@mynsu.nova.edu,Sunday,Monday,NEGATIVE
Kamala,Harris,1951538,12,TRUE,Mako,kh8838@mynsu.nova.edu,Sebastian,Nunez,19519639,Goodwin,sn2072@mynsu.nova.edu,Monday,Tuesday,NEGATIVE
Joe ,Biden,1951539,13,TRUE,Mako,jb1788@mynsu.nova.edu,Samuel,Fitzgerald,19519640,Rolling Hills,sf1164@mynsu.nova.edu,Friday,NULL,NEGATIVE
Todd,Smith,1951540,14,FALSE,Mako,ts1975@mynsu.nova.edu,NULL,NULL,NULL,NULL,NULL,NULL,NULL,NULL
Bob,Williams,1951541,15,FALSE,Mako,bw4410@mynsu.nova.edu,NULL,NULL,NULL,NULL,NULL,NULL,NULL,NULL
Shelby,Brown,1951542,16,TRUE,Mako,sb2770@mynsu.nova.edu,Bobby,Stone,19519643,Goodwin,bs3176@mynsu.nova.edu,Tuesday ,Wednesday,NEGATIVE
Jane,Jones,1951543,17,TRUE,Mako,jj1543@mynsu.nova.edu,Geoff,Richardson,19519644,Goodwin,gr7397@mynsu.nova.edu,Wednesday,Thursday,NEGATIVE
Amber,Garcia,1951544,18,FALSE,Mako,ag100@mynsu.nova.edu,NULL,NULL,NULL,NULL,NULL,NULL,NULL,NULL
Alexander,Davis,1951545,19,FALSE,Mako,ad2000@mynsu.nova.edu,NULL,NULL,NULL,NULL,NULL,NULL,NULL,NULL
David,Warshawsky,1951546,20,TRUE,Mako,dw5062@mynsu.nova.edu,Santiago,Walker,19519647,Commons,sw5754@mynsu.nova.edu,Monday,Tuesday,ALERT
Elliot,Hamilton,1951547,21,FALSE,Mako,eh3829@mynsu.nova.edu,NULL,NULL,NULL,NULL,NULL,NULL,NULL,NULL
Josh,Frasier,1951548,22,TRUE,Mako,jf6499@mynsu.nova.edu,Anderson,Cooper,19519649,Goodwin,ac2394@mynsu.nova.edu,Sunday,Monday,NEGATIVE
Ethan,Barton,1951549,23,FALSE,Mako,eb394@mynsu.nova.edu,NULL,NULL,NULL,NULL,NULL,NULL,NULL,NULL
Cameron,Anderson,1951550,24,TRUE,Mako,ca1129@mynsu.nova.edu,Owen,McPharson,19519651,Rolling Hills,om4751@mynsu.nova.edu,Friday,NULL,NEGATIVE
Juan,Lopez,1951551,25,FALSE,Mako,jl233@mynsu.nova.edu,NULL,NULL,NULL,NULL,NULL,NULL,NULL,NEGATIVE
Mary,Taylor,1951552,26,TRUE,Mako,mt9693@mynsu.nova.edu,Pharoah,Campbell,19519653,Goodwin,pc4324@mynsu.nova.edu,Wednesday,Thursday,ALERT
Taylor,Hawk,1951553,27,TRUE,Mako,th5597@mynsu.nova.edu,Arsh,Jain,19519654,CLC/FFV,aj5906@mynsu.nova.edu,Sunday,Monday,NEGATIVE
Elon,Musk,1951554,28,FALSE,Mako,em204@mynsu.nova.edu,NULL,NULL,NULL,NULL,NULL,NULL,NULL,NULL
Jake,Lee,1951555,29,FALSE,Mako,jl5407@mynsu.nova.edu,NULL,NULL,NULL,NULL,NULL,NULL,NULL,NULL
Catroina,Fee,1951556,30,TRUE,Mako,cf3146@mynsu.nova.edu,Ajoy,Kumar,19519657,Commons,ak4585@mynsu.nova.edu,Tuesday ,Wednesday,NEGATIVE
Audrey,Wikan,1951557,31,FALSE,Mako,aw7200@mynsu.nova.edu,NULL,NULL,NULL,NULL,NULL,NULL,NULL,NULL
Michelle,Easton,1951558,32,FALSE,Mako,me2791@mynsu.nova.edu,NULL,NULL,NULL,NULL,NULL,NULL,NULL,NULL
Gabe,Stone,1951559,33,FALSE,Mako,gs3899@mynsu.nova.edu,NULL,NULL,NULL,NULL,NULL,NULL,NULL,NULL
Sharon,King,1951560,34,FALSE,Mako,sk1753@mynsu.nova.edu,NULL,NULL,NULL,NULL,NULL,NULL,NULL,NULL
Lior,Zeitoun,1951561,35,TRUE,Mako,lz6854@mynsu.nova.edu,Frank,Mitropolous,19519662,Goodwin,fm2525@mynsu.nova.edu,Friday,NULL,NEGATIVE
Keever,Rood,1951562,36,TRUE,Mako,kr3101@mynsu.nova.edu,Charmaine,Barreto,19519663,Rolling Hills,cb5073@mynsu.nova.edu,Wednesday,Thursday,NEGATIVE
Meghan,McWillis,1951563,37,TRUE,Mako,mm8903@mynsu.nova.edu,Logan,Hall,19519664,Goodwin,lh5380@mynsu.nova.edu,Thursday,Friday,NEGATIVE
Gabby,Gold,1951564,38,FALSE,Mako,gg6154@mynsu.nova.edu,NULL,NULL,NULL,NULL,NULL,NULL,NULL,NULL
Brenda,Garcia,1951565,39,FALSE,Mako,bg4879@mynsu.nova.edu,NULL,NULL,NULL,NULL,NULL,NULL,NULL,NULL
Glenda,Garcia,1951566,40,TRUE,Mako,gg9565@mynsu.nova.edu,Greg,Price,19519667,CLC/FFV,gp6712@mynsu.nova.edu,Wednesday,Thursday,NEGATIVE
Omar,ElHam,1951567,41,FALSE,Mako,oe157@mynsu.nova.edu,NULL,NULL,NULL,NULL,NULL,NULL,NULL,NULL
Kelly,Roberts,1951568,42,TRUE,Mako,kr5579@mynsu.nova.edu,Lucas,Topper,19519669,CLC/FFV,lt3499@mynsu.nova.edu,Thursday,Friday,NEGATIVE
Robyn,Ernst,1951569,43,FALSE,Mako,re506@mynsu.nova.edu,NULL,NULL,NULL,NULL,NULL,NULL,NULL,NULL
Maya,Vanunu,1951570,44,TRUE,Mako,mv3452@mynsu.nova.edu,Lily,Sun,19519671,Commons,ls5310@mynsu.nova.edu,Wednesday,Thursday,ALERT
Abby,Dawson,1951571,45,TRUE,Mako,ad3614@mynsu.nova.edu,Li,Wei,19519672,Goodwin,lw4220@mynsu.nova.edu,Friday,NULL,NEGATIVE
Christopher,Christie,1951572,46,FALSE,Mako,cc2663@mynsu.nova.edu,NULL,NULL,NULL,NULL,NULL,NULL,NULL,NULL
Rudy,Guiliani,1951573,47,FALSE,Mako,rg3995@mynsu.nova.edu,NULL,NULL,NULL,NULL,NULL,NULL,NULL,NULL
Lee,Zeldin,1951574,48,FALSE,Mako,lz7872@mynsu.nova.edu,NULL,NULL,NULL,NULL,NULL,NULL,NULL,NULL
Frank,Branard,1951575,49,TRUE,Mako,fb9868@mynsu.nova.edu,Oliver,Jones,19519676,Commons,oj7375@mynsu.nova.edu,Monday,Tuesday,ALERT
Harold,Hutchinson,1951576,50,TRUE,Mako,hh3535@mynsu.nova.edu,Jameson,Clark,19519677,Commons,jc9556@mynsu.nova.edu,Wednesday,Thursday,ALERT
Timothy,Nerrozi,1951577,51,TRUE,Mako,tn7201@mynsu.nova.edu,Laura,Torres,19519678,CLC/FFV,lt3013@mynsu.nova.edu,Friday,NULL,NEGATIVE
Andrew,Jose,1951578,52,TRUE,Mako,aj1290@mynsu.nova.edu,Clara,Hoodini,19519679,CLC/FFV,ch2289@mynsu.nova.edu,Sunday,Monday,NEGATIVE
Jillian,Michaels,1951579,53,FALSE,Mako,jm6064@mynsu.nova.edu,NULL,NULL,NULL,NULL,NULL,NULL,NULL,NULL
Greg,Gutfield,1951580,54,FALSE,Mako,gg1974@mynsu.nova.edu,NULL,NULL,NULL,NULL,NULL,NULL,NULL,NULL
Tucker ,Gonzalez,1951581,55,FALSE,Mako,tg2020@mynsu.nova.edu,NULL,NULL,NULL,NULL,NULL,NULL,NULL,NULL
Dana,Jackson,1951582,56,TRUE,Mako,dj5375@mynsu.nova.edu,Tim,Nguyen,19519683,CLC/FFV,tn2524@mynsu.nova.edu,Thursday,Friday,NEGATIVE
Maurice,Martin,1951583,57,FALSE,Mako,mm836@mynsu.nova.edu,NULL,NULL,NULL,NULL,NULL,NULL,NULL,NULL
Brad,Lee,1951584,58,FALSE,Mako,bl2882@mynsu.nova.edu,NULL,NULL,NULL,NULL,NULL,NULL,NULL,NULL
Idaho,Steelheads,1951585,59,TRUE,Mako,is2934@mynsu.nova.edu,Greta,Green,19519686,Commons,gg3654@mynsu.nova.edu,Tuesday ,Wednesday,NEGATIVE
Hardy,Harr,1951586,60,FALSE,Mako,hh6410@mynsu.nova.edu,NULL,NULL,NULL,NULL,NULL,NULL,NULL,NULL
Dyl,Pickle,1951587,61,TRUE,Mako,dp902@mynsu.nova.edu,Mark,Hackel,19519688,Rolling Hills,mh6996@mynsu.nova.edu,Friday,NULL,NEGATIVE
McHuge,Butte,1951588,62,FALSE,Mako,mb290@mynsu.nova.edu,NULL,NULL,NULL,NULL,NULL,NULL,NULL,NULL
Richard,Thrasher,1951589,63,FALSE,Mako,rt7215@mynsu.nova.edu,NULL,NULL,NULL,NULL,NULL,NULL,NULL,NULL
MacDonald,Berger,1951590,64,TRUE,Mako,mb9784@mynsu.nova.edu,Joe,Goldberg,19519691,CLC/FFV,jg5202@mynsu.nova.edu,Wednesday,Thursday,ALERT
Richard,Holden,1951591,65,FALSE,Mako,rh216@mynsu.nova.edu,NULL,NULL,NULL,NULL,NULL,NULL,NULL,NULL
Richard,Felt,1951592,66,TRUE,Mako,rf5896@mynsu.nova.edu,Fiona,Freedman,19519693,Rolling Hills,ff8427@mynsu.nova.edu,Monday,Tuesday,NEGATIVE
Diana,Dbag,1951593,67,FALSE,Mako,dd7954@mynsu.nova.edu,NULL,NULL,NULL,NULL,NULL,NULL,NULL,NULL
Fannie,Licker,1951594,68,FALSE,Mako,fl2847@mynsu.nova.edu,NULL,NULL,NULL,NULL,NULL,NULL,NULL,NULL
Jolly ,Mangina,1951595,69,FALSE,Mako,jm784@mynsu.nova.edu,NULL,NULL,NULL,NULL,NULL,NULL,NULL,NULL
Jurrasic,Park,1951596,70,TRUE,Mako,jp7622@mynsu.nova.edu,Emma,Nelson,19519697,Goodwin,en8030@mynsu.nova.edu,Friday,NULL,NEGATIVE
Donald,Duck,1951597,71,TRUE,Mako,dd8397@mynsu.nova.edu,Anthony,Mitchell,19519698,Goodwin,am2656@mynsu.nova.edu,Tuesday ,Wednesday,NEGATIVE
Filet,Minyon,1951598,72,FALSE,Mako,fm4366@mynsu.nova.edu,NULL,NULL,NULL,NULL,NULL,NULL,NULL,NULL
Parker,Enis,1951599,73,FALSE,Mako,pe1871@mynsu.nova.edu,NULL,NULL,NULL,NULL,NULL,NULL,NULL,NULL
James,Grossweiner,1951600,74,TRUE,Mako,jg8076@mynsu.nova.edu,Elizabeth,Camstone,19519701,Commons,ec8008@mynsu.nova.edu,Sunday,Monday,NEGATIVE
Yolanda,Squatpump,1951601,75,TRUE,Mako,ys5824@mynsu.nova.edu,Gemma,Rivera,19519702,CLC/FFV,gr2926@mynsu.nova.edu,Wednesday,Thursday,NEGATIVE
Holden,Cox,1951602,76,FALSE,Mako,hc1777@mynsu.nova.edu,NULL,NULL,NULL,NULL,NULL,NULL,NULL,NULL
Jason,Sackrider,1951603,77,TRUE,Mako,js2224@mynsu.nova.edu,James,Carter,19519704,Rolling Hills,jc7558@mynsu.nova.edu,Sunday,Monday,ALERT
Charlie,McWilliams,1951604,78,TRUE,Mako,cm1351@mynsu.nova.edu,Hendrick,Lamar,19519705,Commons,hl6863@mynsu.nova.edu,Friday,NULL,NEGATIVE
Cooper,Jackson,1951605,79,TRUE,Mako,cj6416@mynsu.nova.edu,Rob,Robinon,19519706,Commons,rr2305@mynsu.nova.edu,Tuesday ,Wednesday,NEGATIVE
Buddy,Jaxon,1951606,80,FALSE,Mako,bj4481@mynsu.nova.edu,NULL,NULL,NULL,NULL,NULL,NULL,NULL,NULL
Milo,Jason,1951607,81,FALSE,Mako,mj5998@mynsu.nova.edu,NULL,NULL,NULL,NULL,NULL,NULL,NULL,NULL
Bear,Black,1951608,82,FALSE,Mako,bb6646@mynsu.nova.edu,NULL,NULL,NULL,NULL,NULL,NULL,NULL,NULL
Rocky,White,1951609,83,FALSE,Mako,rw7446@mynsu.nova.edu,NULL,NULL,NULL,NULL,NULL,NULL,NULL,NULL
Duke,Nukem,1951610,84,FALSE,Mako,dn7813@mynsu.nova.edu,NULL,NULL,NULL,NULL,NULL,NULL,NULL,NULL
Tucker,Jamison,1951611,85,TRUE,Mako,tj2798@mynsu.nova.edu,Tal,Kukular,19519712,Goodwin,tk7058@mynsu.nova.edu,Wednesday,Thursday,ALERT
Jack,Black,1951612,86,FALSE,Mako,jb6785@mynsu.nova.edu,NULL,NULL,NULL,NULL,NULL,NULL,NULL,NULL
Teaser,Micuck,1951613,87,FALSE,Mako,tm53@mynsu.nova.edu,NULL,NULL,NULL,NULL,NULL,NULL,NULL,NULL
Max,Dax,1951614,88,FALSE,Mako,md6695@mynsu.nova.edu,NULL,NULL,NULL,NULL,NULL,NULL,NULL,NULL
Lola,Mahomes,1951615,89,FALSE,Mako,lm8789@mynsu.nova.edu,NULL,NULL,NULL,NULL,NULL,NULL,NULL,NULL
Sadie,Johnson,1951616,90,FALSE,Mako,sj5434@mynsu.nova.edu,NULL,NULL,NULL,NULL,NULL,NULL,NULL,NULL
Molly,Dogson,1951617,91,TRUE,Mako,md5020@mynsu.nova.edu,Ben,Baker,19519718,Commons,bb3572@mynsu.nova.edu,Thursday,Friday,NEGATIVE
Bailey,McDog,1951618,92,TRUE,Mako,bm2016@mynsu.nova.edu,Benjamin,Butten,19519719,Rolling Hills,bb1366@mynsu.nova.edu,Friday,NULL,NEGATIVE
Stella,MaHeart,1951619,93,TRUE,Mako,sm6356@mynsu.nova.edu,Mitch,Pelosi,19519720,CLC/FFV,mp3509@mynsu.nova.edu,Sunday,Monday,NEGATIVE
Saggie,MaPants,1951620,94,TRUE,Mako,sm7225@mynsu.nova.edu,Nancy,Goldvekht,19519721,Commons,ng2227@mynsu.nova.edu,Tuesday ,Wednesday,NEGATIVE
Marcy,Whitney,1951621,95,FALSE,Mako,mw3386@mynsu.nova.edu,NULL,NULL,NULL,NULL,NULL,NULL,NULL,NULL
Price,TwoHigh,1951622,96,FALSE,Mako,pt377@mynsu.nova.edu,NULL,NULL,NULL,NULL,NULL,NULL,NULL,NULL
Hogwarts,Schooling,1951623,97,FALSE,Mako,hs270@mynsu.nova.edu,NULL,NULL,NULL,NULL,NULL,NULL,NULL,NULL
Daisy,Flowerson,1951624,98,TRUE,Mako,df5440@mynsu.nova.edu,Jordan,Stillwell,19519725,Goodwin,js7689@mynsu.nova.edu,Wednesday,Thursday,NEGATIVE
Lucy,Moon,1951625,99,FALSE,Mako,lm4514@mynsu.nova.edu,NULL,NULL,NULL,NULL,NULL,NULL,NULL,NULL
Luna,Sun,1951626,100,FALSE,Mako,ls2811@mynsu.nova.edu,NULL,NULL,NULL,NULL,NULL,NULL,NULL,NULL
Bella,Parch,1951627,101,FALSE,Mako,bp4569@mynsu.nova.edu,NULL,NULL,NULL,NULL,NULL,NULL,NULL,NULL